latitude,longitude
33.498343,-112.083891
33.530837,-112.111751
33.391294,-111.978914
33.451719,-112.002461
33.443607,-112.096083
33.445092,-112.015902
33.469157,-112.01672
33.394202,-112.099181
33.455983,-112.091087
33.438841,-112.092647
33.526326,-112.117609
33.539536,-112.138825
33.477415,-112.001957
33.51263,-112.044879
33.453584,-112.086337
33.542475,-112.095077
33.414627,-112.068221
33.503924,-112.117924
33.655571,-112.074447
33.450493,-112.124081
33.544863,-112.134641
33.530711,-112.0583
33.588345,-112.117622
33.488197,-112.155733
33.386902,-112.156688
33.499751,-112.103603
33.531948,-112.150556
33.537084,-112.142999
33.464949,-112.139246
33.510554,-112.138304
33.576939,-112.053199
33.514177,-112.103893
33.58074,-111.96768
33.543089,-112.098811
33.378394,-111.992601
33.566931,-112.144526
33.522089,-112.129661
33.526349,-112.117205
33.501319,-112.133927
33.479438,-112.221293
33.507582,-112.166094
33.509297,-112.089206
33.50837366,-112.1683168
33.608878,-112.065189
33.50925,-112.038862
33.492575,-112.21493
33.582956,-112.132685
33.508902,-112.148081
33.473112,-111.962026
33.453706,-111.993036
33.575128,-112.093979
33.482743,-112.12253
33.483141,-112.122508
33.484097,-112.122669
33.495965,-112.108178
33.635458,-112.01563
33.389028,-112.156096
33.476133,-112.008771
33.406285,-112.06694
33.582655,-112.050149
33.499104,-112.12935
33.495276,-112.120344
33.525986,-112.117204
33.538919,-112.111045
33.58309533,-112.1520171
33.54843,-112.111813
33.486557,-112.135603
33.49452,-112.068991
33.513575,-112.084771
33.59744,-111.979608
33.558613,-112.066523
33.571583,-112.126013
33.378316,-111.994139
33.576838,-112.096902
33.558685,-112.066278
33.508544,-112.032947
33.449547,-112.01905
33.59666624,-112.1172876
33.431934,-112.083497
33.477908,-111.969383
33.577958,-112.09748
33.434749,-112.090513
33.481969,-112.035187
33.603382,-112.121378
33.576066,-112.057178
33.508229,-112.148088
33.525515,-112.117338
33.412296,-112.046703
33.413058,-112.046692
33.44951,-112.124306
33.450912,-112.100945
33.463053,-112.143794
33.511182,-112.043435
33.480009,-112.252282
33.437407,-112.06583
33.540124,-112.133848
33.503284,-112.140396
33.493904,-112.00444
33.582365,-112.121748
33.633258,-112.119686
33.552546,-112.125764
33.431353,-112.285055
33.536609,-112.116624
33.577942,-112.098519
33.49546,-112.155193
33.454342,-112.092945
33.495129,-112.129283
33.525995,-112.118393
33.466603,-112.009808
33.451973,-112.121494
33.479929,-112.048273
33.537926,-112.139332
33.490502,-112.071188
33.445899,-112.04182
33.446887,-112.040883
33.46290339,-112.0301613
33.577847,-112.086066
33.450484,-112.10263
33.566291,-112.06318
33.594211,-112.120573
33.484809,-112.007438
33.486675,-112.048067
33.43153,-112.088006
33.49572,-112.082136
33.447565,-112.114858
33.626693,-112.01424
33.575629,-112.061095
33.48227,-112.260355
33.522027,-112.102478
33.477582,-111.967746
33.686121,-112.115039
33.579997,-112.13471
33.495257,-112.160717
33.523974,-112.110642
33.446203,-112.10525
33.534169,-112.116896
33.523023,-112.114362
33.488343,-112.045304
33.465494,-112.082409
33.479299,-112.177406
33.488362,-112.21834
33.491055,-112.108173
33.449943,-111.96725
33.507594,-112.168466
33.479519,-112.204994
33.48,-112.205798
33.479975,-112.207388
33.39478,-112.083613
33.490704,-112.172157
33.455371,-112.064836
33.533657,-112.104082
33.48953,-112.062484
33.454941,-112.079089
33.549609,-112.134511
33.49678297,-111.9768072
33.45137659,-112.0194047
33.644975,-112.100677
33.46130337,-112.0302671
33.551285,-112.137601
33.625981,-112.119633
33.640104,-112.1304
33.450564,-112.093185
33.610265,-112.100766
33.576752,-112.097563
33.449435,-112.052044
33.6617,-112.096118
33.67002,-112.030316
33.389446,-112.034234
33.525844,-112.112658
33.570967,-112.086507
33.632247,-112.074847
33.496714,-112.135918
33.497025,-112.135796
33.509689,-112.039201
33.450562,-112.093447
33.472197,-112.027456
33.484988,-112.071972
33.483905,-112.073777
33.596395,-112.117448
33.512711,-112.051286
33.596709,-112.16812
33.463972,-112.07406
33.59612,-112.111289
33.380476,-112.139637
33.571513,-112.085207
33.596743,-112.12036
33.547402,-112.127109
33.495194,-112.083154
33.450572,-112.091829
33.446011,-112.088101
33.454058,-112.048063
33.576582,-112.057066
33.472441,-112.014884
33.698729,-111.942849
33.372831,-111.982202
33.64056,-112.082168
33.413406,-112.082585
33.677446,-112.113816
33.510243,-112.151941
33.552791,-112.115322
33.488927,-112.079364
33.595832,-112.003882
33.494926,-112.225098
33.625474,-112.082544
33.634015,-112.107738
33.502811,-112.238157
33.570945,-112.117129
33.467866,-112.155919
33.553269,-112.112355
33.466195,-112.035179
33.495498,-112.090422
33.463834,-112.030625
33.490818,-112.073295
33.475998,-112.029526
33.388778,-112.090833
33.385399,-112.062406
33.913977,-112.137539
33.37885,-112.008269
33.320175,-111.981002
33.479461,-112.168288
33.482514,-112.000345
33.47269,-112.218688
33.603765,-112.117055
33.441559,-112.097857
33.485234,-112.039985
33.553452,-112.100076
33.533787,-112.047774
33.498797,-112.104409
33.304711,-111.99677
33.378091,-112.135432
33.49488,-112.134214
33.428973,-112.081509
33.494913,-112.005627
33.424698,-111.987444
33.50452,-112.074158
33.426374,-112.075453
33.612377,-112.135204
33.566648,-112.068398
33.459824,-112.040012
33.68407,-112.11274
33.465934,-112.039211
33.596583,-112.147935
33.535915,-112.149264
33.398321,-112.073663
33.532491,-112.02913
33.463028,-112.082398
33.459975,-112.079963
33.509936,-112.094268
33.610525,-112.010889
33.465414,-112.02985
33.615387,-112.117301
33.523587,-112.114273
33.475076,-112.029859
33.524306,-112.092705
33.516216,-112.057084
33.487737,-112.041981
33.596771,-112.114546
33.509124,-112.129446
33.537985,-112.047839
33.465489,-112.03658
33.566436,-112.138621
33.461817,-112.064532
33.480318,-112.106488
33.451055,-112.122854
33.509916,-112.114546
33.612455,-112.008434
33.602115,-112.1
33.62537,-112.116717
33.49582,-112.102955
33.683581,-112.139976
33.488091,-112.130575
33.392638,-112.037961
33.596828,-112.115736
33.485264,-112.042547
33.493343,-111.972959
33.500975,-112.168533
33.62522,-112.116726
33.473628,-112.130096
33.53501,-112.133968
33.61205,-112.11116
33.681446,-112.134333
33.465986,-111.978744
33.549353,-112.099873
33.689029,-112.117733
33.509595,-112.074153
33.689086,-112.119433
33.479965,-112.253637
33.6398,-112.100158
33.586159,-112.105966
33.445696,-112.11351
33.52112,-112.117556
33.487126,-112.13498
33.677824,-112.02854
33.638798,-112.043322
33.573358,-112.063261
33.575102,-112.080819
33.492678,-112.212351
33.57147,-112.079497
33.454024,-112.089362
33.585939,-112.089236
33.589061,-112.115729
33.495385,-112.108747
33.509089,-112.169235
33.582083,-112.012683
33.576173,-112.061118
33.40961,-112.073039
33.639696,-112.040302
33.494648,-112.090219
33.392469,-112.145916
33.612043,-111.992011
33.391513,-112.14348
33.571066,-112.076176
33.640682,-112.069481
33.459979,-112.082327
33.643608,-112.114566
33.403941,-112.139473
33.581612,-112.151334
33.567819,-112.117592
33.490337,-112.203481
33.530843,-112.074152
33.458995,-112.072154
33.456881,-112.015299
33.429128,-112.093937
33.567932,-112.080043
33.538263,-112.115579
33.476372,-112.037725
33.468061,-112.234677
33.458804,-112.015271
33.447795,-112.016777
33.506653,-112.237873
33.549555,-112.111979
33.484651,-112.220889
33.446838,-111.967907
33.495236,-112.163046
33.684226,-112.135048
33.456396,-111.97168
33.578094,-112.128935
33.477721,-112.029877
33.489938,-112.133855
33.509097,-112.129667
33.506575,-112.104829
33.425506,-112.079469
33.507582,-112.166488
33.450007,-112.133883
33.4407,-112.077991
33.455084,-112.120594
33.50633,-112.238073
33.522961,-112.113188
33.508619,-112.281426
33.499078,-112.080827
33.461765,-112.203063
33.490855,-112.144687
33.63006,-112.078904
33.463032,-112.050043
33.489624,-112.120205
33.571174,-112.056402
33.494302,-112.220282
33.476849,-112.221199
33.509206,-112.095914
33.466955,-112.002264
33.62613,-112.094413
33.478814,-112.151936
33.599869,-112.109122
33.640058,-112.115762
33.665183,-112.108294
33.553383,-112.121072
33.459241,-112.183241
33.44859,-111.986776
33.463701,-112.068959
33.694144,-112.113387
33.4519,-111.955477
33.669303,-112.037273
33.405654,-112.064238
33.488444,-112.042164
33.544906,-112.088109
33.57472,-112.056375
33.552624,-112.108588
33.462495,-112.09543
33.479192,-111.969325
33.554431,-112.049247
33.495083,-112.041389
33.481799,-112.034396
33.628621,-112.128919
33.554244,-112.047541
33.868119,-112.154043
33.462851,-112.168866
33.645457,-112.039233
33.534364,-112.099922
33.458916,-112.064852
33.46542,-112.066096
33.572883,-112.087898
33.523638,-112.114816
33.500699,-112.10129
33.596771,-112.101894
33.383404,-112.046838
33.643063,-112.035406
33.494841,-112.238263
33.479703,-112.157467
33.378099,-112.038548
33.498028,-112.104327
33.61038,-112.145391
33.456992,-112.07734
33.38489,-112.161265
33.451551,-112.001847
33.392629,-112.135016
33.638583,-112.03758
33.639021,-112.0302
33.500099,-112.05598
33.585085,-112.151846
33.494383,-112.07926
33.442016,-112.046904
33.556814,-112.11051
33.608076,-112.017895
33.673122,-112.136414
33.465048,-112.091111
33.480833,-112.074446
33.471845,-112.029353
33.491795,-112.135937
33.633839,-112.041455
33.504473,-112.14265
33.469337,-111.977904
33.469109,-112.054038
33.474992,-112.072428
33.651262,-112.117376
33.640176,-112.121689
33.513365,-112.045425
33.377163,-112.003896
33.494465,-112.147783
33.604622,-111.99122
33.507954,-112.090939
33.640551,-112.091792
33.507391,-112.298105
33.558555,-112.038001
33.461045,-111.969768
33.456929,-112.075504
33.543141,-112.099285
33.610851,-112.117264
33.449836,-112.087364
33.473305,-112.01494
33.452407,-112.00193
33.464522,-112.029856
33.494412,-112.069985
33.439736,-112.095952
33.5103,-112.096017
33.61108,-112.150712
33.472502,-112.021894
33.48087,-112.154179
33.641644,-112.015987
33.640225,-112.119624
33.448669,-112.047203
33.459332,-112.131546
33.596724,-112.112666
33.582164,-112.11726
33.507838,-112.091529
33.459971,-112.084647
33.536023,-112.142627
33.571042,-112.08729
33.488753,-111.995812
33.455129,-112.047912
33.640955,-112.003881
33.495201,-112.082798
33.465965,-111.995256
33.593881,-112.021577
33.503643,-111.987052
33.665575,-112.15382
33.475049,-112.221169
33.452236,-112.211926
33.429083,-112.082582
33.62544,-112.116311
33.387992,-112.069159
33.571501,-112.118482
33.451558,-111.994947
33.428684,-112.065319
33.582002,-112.053894
33.624855,-112.099136
33.502307,-112.202309
33.397797,-112.069773
33.538291,-112.113868
33.376703,-112.176299
33.494374,-112.135376
33.655881,-111.986079
33.502503,-112.237433
33.632398,-112.03126
33.512651,-112.060449
33.451524,-112.103055
33.52381,-112.113112
33.477568,-112.031249
33.463297,-112.030794
33.458851,-112.070851
33.507831,-112.021312
33.50918,-112.023628
33.466171,-112.221213
33.480986,-112.117392
33.429164,-112.065025
33.396101,-112.138291
33.498294,-112.247501
33.640543,-112.091107
33.539065,-112.100236
33.504441,-112.048665
33.447728,-111.952673
33.391024,-112.134258
33.538551,-112.043526
33.422494,-111.986659
33.640027,-112.115923
33.654903,-111.981596
33.641631,-112.003854
33.521921,-112.237139
33.504977,-112.238153
33.640758,-112.113299
33.57261,-112.121271
33.543267,-112.038776
33.495192,-112.20366
33.684397,-112.06627
33.641057,-112.012974
33.65433,-112.112337
33.460121,-112.01488
33.698572,-112.143939
33.610572,-112.112157
33.539343,-112.116489
33.484046,-112.067403
33.462441,-112.091097
33.622895,-112.00724
33.395672,-112.039205
33.52201,-112.09925
33.501781,-112.237494
33.475969,-112.029937
33.477129,-112.208916
33.567971,-112.059291
33.494603,-112.117479
33.618781,-112.100521
33.383889,-112.158729
33.487351,-112.081899
33.472858,-112.029877
33.5833,-112.151945
33.577817,-112.047621
33.472709,-112.068329
33.429073,-112.082493
33.493418,-112.108782
33.677513,-111.978355
33.398214,-112.168846
33.442528,-112.097373
33.461478,-112.079512
33.461161,-112.02349
33.614179,-112.117326
33.523646,-112.11387
33.538832,-112.138828
33.448438,-112.018729
33.495076,-112.07847
33.390166,-112.142513
33.514075,-112.11582
33.491724,-112.07876
33.452942,-112.0839
33.670504,-112.031881
33.502644,-112.209274
33.582569,-112.09366
33.623264,-112.133394
33.49882,-112.10636
33.480265,-112.111729
33.373738,-112.134165
33.441069,-112.09941
33.460177,-112.072154
33.447883,-111.968527
33.665441,-112.153803
33.494962,-112.134225
33.551017,-112.117612
33.562426,-112.073688
33.460223,-112.068973
33.487869,-112.151244
33.451615,-112.085553
33.438584,-112.071844
33.443575,-112.126423
33.58946,-112.112265
33.443855,-112.134168
33.439859,-112.076516
33.495301,-112.125361
33.495321,-112.149747
33.654233,-112.15224
33.626018,-112.015282
33.37808,-112.064293
33.4954,-112.126619
33.427751,-112.078066
33.628283,-112.030102
33.463714,-112.066218
33.633222,-112.004907
33.377221,-112.066374
33.576533,-112.088867
33.667277,-112.134239
33.479735,-111.98216
33.622825,-112.012965
33.640094,-112.05535
33.65453879,-111.9258329
33.467289,-112.030597
33.67965,-112.134324
33.510373,-112.05397
33.650764,-112.114527
33.469382,-112.156285
33.448391,-112.037106
33.480085,-112.015962
33.64047,-112.096066
33.505961,-112.238286
33.466233,-112.191825
33.525126,-112.151972
33.46134,-112.091216
33.460662,-112.082718
33.465351,-112.073143
33.540551,-112.136125
33.585364,-112.15117
33.458232,-112.064738
33.510752,-112.074149
33.478309,-111.96986
33.469153,-112.016362
33.394133,-112.098866
33.455737,-112.090923
33.588342,-112.117077
33.536981,-112.142599
33.378376,-111.993088
33.509151,-112.088807
33.49267,-112.214958
33.635587,-112.015879
33.596658,-112.117149
33.575764,-112.056849
33.480199,-112.25239
33.552369,-112.125851
33.495456,-112.129359
33.490365,-112.071285
33.534267,-112.116675
33.534242,-112.10373
33.454918,-112.07931
33.497043,-111.976976
33.451084,-112.019032
33.525868,-112.112552
33.512595,-112.05115
39.97516312,-75.19489864
39.93770558,-75.15083031
39.9957604,-75.11494516
39.99570662,-75.11504291
40.00404949,-75.09723373
39.95895788,-75.17553641
39.98354379,-75.12622428
40.04837385,-75.04860524
39.97216543,-75.12110521
40.05681912,-75.04700432
39.99703107,-75.11369401
39.99406695,-75.11699762
39.97257669,-75.12398576
39.94153003,-75.1831335
39.90584091,-75.24036312
39.99309108,-75.11815494
39.92852631,-75.16869247
39.98906566,-75.12688691
39.97719587,-75.13965742
39.92062003,-75.15951007
39.98336106,-75.09977293
39.95262999,-75.15626499
39.95302957,-75.17807187
39.9494162,-75.14745643
40.02627586,-75.11456676
39.9527231,-75.17866072
40.08070216,-74.96236298
39.95212819,-75.14335817
40.02621424,-75.11456621
39.99613855,-75.11379801
39.99594537,-75.11004744
39.97295144,-75.11961885
39.96916137,-75.13394761
39.96677759,-75.14024494
40.0490649,-75.05083819
40.04914837,-75.05003995
40.04704007,-75.05136881
40.04922028,-75.05042128
40.04941014,-75.05082407
40.04885506,-75.0451504
39.99402879,-75.11392435
39.96694943,-75.20153256
39.99577861,-75.11357899
39.99408208,-75.0957593
40.04601445,-75.04452536
39.96428494,-75.14055724
39.9816613,-75.11685436
40.04964868,-75.24123308
39.99051441,-75.10413051
39.95522965,-75.21069902
39.98396092,-75.12820065
39.98606087,-75.14131216
39.94091242,-75.15075305
39.95142909,-75.18123287
39.94795938,-75.16326532
39.97323004,-75.12338499
40.00218293,-75.10944502
40.04946692,-75.23830056
40.04220253,-75.02624833
40.01752002,-75.15871282
39.99100629,-75.1019921
39.99597183,-75.1378063
39.99330412,-75.11822486
39.95584409,-75.19146516
40.03488287,-75.13069861
40.04823927,-75.04815402
40.08728613,-74.97276962
40.03518696,-75.17543411
40.02773084,-75.22948501
39.95636679,-75.1579393
39.95554292,-75.15661144
39.95269603,-75.20052553
39.92610842,-75.14090356
39.94757197,-75.16343475
39.94793379,-75.16236128
39.91318494,-75.18194754
39.97867939,-75.13883378
39.94541284,-75.14822471
40.0564434,-75.04782153
39.96425996,-75.17603881
40.08763751,-74.97122656
39.9759554,-75.11590468
39.91397566,-75.15053624
39.9131598,-75.15355295
39.98313787,-75.09767858
39.95265007,-75.18966229
40.00228377,-75.11001708
39.98924901,-75.1214112
39.99038144,-75.1042244
39.98380448,-75.1024481
39.9837373,-75.13296796
39.99357419,-75.09653703
39.92534959,-75.17108959
39.89123618,-75.24199695
39.98608254,-75.12976537
39.95036422,-75.23926664
39.94744329,-75.24360316
39.97707807,-75.23078009
39.9932125,-75.10250644
39.9752601,-75.1210881
39.99285537,-75.11543338
39.9479662,-75.16332259
39.92739772,-75.14501384
40.04001924,-75.24217272
39.99052554,-75.10383853
39.9934229,-75.11811189
39.96437221,-75.14077055
39.98879383,-75.12736428
39.98066814,-75.1382661
40.03762058,-75.06684503
39.98886417,-75.12842378
39.99683629,-75.11479533
39.99625967,-75.11386083
40.03130601,-75.10010992
39.99224765,-75.12836155
39.97970561,-75.10953808
39.99380495,-75.11827307
39.96751958,-75.12899036
39.97059917,-75.12323807
39.98376747,-75.09802206
39.94944376,-75.14779795
40.0160902,-75.04701099
39.98343224,-75.1262304
39.99222615,-75.12863949
39.9910599,-75.12657056
39.9201208,-75.16208771
39.99648752,-75.21483789
39.93808618,-75.16844686
39.9924562,-75.12856238
40.08292314,-74.96319525
40.00576504,-75.09906765
39.98781986,-75.13061932
40.0022804,-75.08121634
39.99044803,-75.13268135
40.00224505,-75.10594807
40.01871478,-75.08007688
39.98948022,-75.10747021
40.074342,-75.04661787
39.98408641,-75.13753264
40.0018748,-75.12462226
39.98882201,-75.12810303
39.98733177,-75.13134948
40.0021764,-75.11008681
39.99740219,-75.11911764
39.99616357,-75.11374989
39.99308253,-75.10331999
40.05885377,-75.04245144
40.00539334,-75.1093723
39.89460116,-75.23667702
39.99268244,-75.11409346
40.04140624,-75.24365238
39.97196346,-75.14247652
39.95650859,-75.16474602
40.02707581,-75.2254784
40.02681046,-75.22443924
39.92010485,-75.22693356
39.92361068,-75.14499714
39.95201146,-75.17327856
39.9950957,-75.07807197
39.97544232,-75.18254529
39.9999734,-75.07749398
39.95032677,-75.17746466
39.96403934,-75.22766587
39.95065985,-75.15622509
39.94845966,-75.16638511
39.99272105,-75.14340104
39.92437326,-75.16962817
39.99239159,-75.11920436
39.98883686,-75.12821764
39.97219867,-75.16596568
39.94735822,-75.22521658
39.98512702,-75.12413665
39.98613617,-75.14119414
39.95199442,-75.17366698
39.9250834,-75.16870745
39.98916003,-75.12693775
40.02557593,-75.14229639
39.93945588,-75.16687509
39.97130175,-75.12265594
39.98929709,-75.13124089
39.99047798,-75.12274589
39.99279264,-75.10985897
39.92786478,-75.14694066
40.0436219,-75.01952421
40.04362564,-75.01889386
39.96472364,-75.14165448
39.95738105,-75.13992688
39.95730411,-75.15221842
39.96459172,-75.14154886
39.96468494,-75.14167246
39.96456882,-75.14174016
39.96522386,-75.1412808
39.99542519,-75.11555491
39.9878347,-75.12906159
39.9888499,-75.1283178
39.95360128,-75.18000138
39.93933183,-75.16653888
39.97044667,-75.13510691
39.94178509,-75.18284638
39.93952644,-75.16630557
39.99333811,-75.09633571
39.95852438,-75.16558779
39.91630341,-75.17331394
39.93957191,-75.16709749
40.03176533,-75.2335228
39.93980526,-75.16674547
40.04896124,-75.04254113
39.93976681,-75.16644497
39.9870576,-75.11983983
39.99740917,-75.11917128
40.02628045,-75.22587409
39.93980526,-75.16674547
39.92154457,-75.15445924
39.95822694,-75.1399038
40.07079657,-75.06735194
39.93076756,-75.14584054
39.97529486,-75.12114495
39.95173922,-75.17365246
39.95084649,-75.15678181
39.9357184,-75.17706324
39.99319039,-75.11843278
39.94896387,-75.20008266
39.94999793,-75.20127046
40.04409,-75.02115932
39.92754929,-75.14609177
39.96822651,-75.16522778
39.97839732,-75.10923703
39.9298478,-75.1436179
40.00621553,-75.09328936
39.94415879,-75.14221315
40.0444812,-75.01858343
39.95656977,-75.14591538
39.94892224,-75.17417365
40.00361172,-75.09802408
39.99381057,-75.10704831
39.92884199,-75.14690114
40.04927733,-75.05276494
39.98197239,-75.09886015
39.99034292,-75.11083961
39.98928963,-75.12627042
39.95570384,-75.14383099
39.98007642,-75.13853481
39.99611807,-75.11748745
39.99440265,-75.10107311
39.91630356,-75.15264165
39.99596312,-75.11752065
39.97936579,-75.13177709
39.98794518,-75.13701466
39.95395472,-75.15943563
40.07087521,-75.06749331
39.92461927,-75.16943763
39.99342434,-75.08604298
39.96190731,-75.14510787
40.0796241,-74.96223461
40.01852959,-75.21412046
40.00460424,-75.08549965
39.95429352,-75.17921025
39.96687762,-75.20156681
40.04487043,-75.01744969
39.94153565,-75.18317972
39.99671706,-75.13376677
39.99796386,-75.1262176
40.08804114,-74.98222821
40.02708054,-75.2271972
39.95419281,-75.22253881
39.98582098,-75.12995409
39.94356357,-75.16562132
39.92535215,-75.16938546
39.96789762,-75.12937872
39.9678789,-75.12919373
39.94208001,-75.14448971
39.98887765,-75.12653697
39.92826589,-75.14699728
39.92836369,-75.14522244
39.9859157,-75.13009488
39.94363704,-75.1964325
39.99021117,-75.11332218
39.98886651,-75.12704436
39.94732117,-75.14792661
39.99813963,-75.12430855
39.95641279,-75.14014962
39.985841,-75.13795108
39.99015551,-75.11121512
39.95398868,-75.16063072
39.9915537,-75.09781081
39.9435299,-75.16400993
39.99622696,-75.11767302
39.93826403,-75.17002565
39.97544585,-75.12126851
39.92703085,-75.18308806
39.95559723,-75.18311472
40.04823508,-75.03032269
39.95857296,-75.24713332
39.91201968,-75.15043958
39.91634455,-75.15263693
39.98173021,-75.11745959
40.0352749,-75.17550642
40.02282242,-75.0790437
40.01779281,-75.05753861
40.01164347,-75.08831419
39.99650859,-75.13379805
39.98943116,-75.10245175
39.97214595,-75.12501979
40.05809462,-75.03865343
39.98857168,-75.12124093
39.98823762,-75.12158439
39.97181186,-75.14221022
39.92508727,-75.16975319
40.0063193,-75.08833
39.93169853,-75.14326135
39.98011305,-75.13236395
39.98315844,-75.11525136
39.92162416,-75.1483527
39.91314785,-75.15959165
39.96130067,-75.17038485
39.96436215,-75.1410569
39.94561627,-75.1786083
40.02686929,-75.22548061
39.98919682,-75.12034087
39.95354465,-75.16569697
39.97122731,-75.12454609
39.92409753,-75.24551368
39.99957615,-75.13457051
39.96480326,-75.14053079
40.03365236,-75.07195797
40.03082039,-75.05410713
39.99411202,-75.11691544
39.9685839,-75.12990922
40.08792068,-74.97031579
40.0957792,-74.99126579
39.94840651,-75.16595351
39.96507921,-75.14053175
39.98991067,-75.11317029
39.94860606,-75.16777109
39.95105387,-75.17427318
39.9572774,-75.1403793
40.04896267,-75.04539904
39.92364756,-75.15695046
40.02689318,-75.22720436
39.97611571,-75.12351187
39.9479288,-75.17304164
40.02715057,-75.22623453
39.96885304,-75.12961129
40.02721166,-75.22666713
40.0500333,-75.05173526
40.07941222,-74.96416537
39.93326205,-75.17963234
40.07086023,-75.06745642
39.99209655,-75.0989539
40.04626201,-75.04547979
39.9698739,-75.12519819
39.9531284,-75.15533185
39.95303065,-75.15640133
39.95019134,-75.15378994
39.95136783,-75.15656009
39.95087787,-75.16401172
39.95711842,-75.16588188
39.95303845,-75.1556832
39.95191434,-75.15988541
39.9550087,-75.16774422
39.94911476,-75.15401992
39.95692703,-75.16437079
39.95905016,-75.16389188
39.99562822,-75.11344623
39.95304644,-75.15206314
39.95593683,-75.16780327
39.9533487,-75.15957403
39.95828469,-75.16407944
39.95682904,-75.16800072
39.95889364,-75.16877408
39.95293667,-75.15966247
39.95595041,-75.17575421
39.94813156,-75.15390579
39.95296206,-75.15241998
39.95146901,-75.16876811
39.95071771,-75.17466828
39.93453228,-75.14592846
40.02696743,-75.22541841
40.03085074,-75.23428192
39.93664825,-75.14501823
39.97782061,-75.11864787
39.9514019,-75.17463794
39.99579723,-75.09555838
39.93868149,-75.18723499
39.96531686,-75.14056333
39.97715153,-75.13358954
40.02676391,-75.0773637
40.0023914,-75.11433313
39.95013315,-75.14292394
39.94949676,-75.14229246
39.95016159,-75.14214086
39.95116233,-75.17517022
40.01668562,-75.04822
39.98884972,-75.12651439
40.00411146,-75.09673233
40.00021489,-75.1034716
40.04965648,-75.05035721
39.95362559,-75.19864923
39.92224433,-75.14332644
39.9649634,-75.14075283
39.99375489,-75.1107105
39.98936491,-75.11277094
39.94774463,-75.16078848
39.94727571,-75.16656253
39.9668872,-75.17119634
39.96235841,-75.14221313
39.9236087,-75.14493739
39.93818929,-75.14788188
40.0558051,-75.04851502
39.99077015,-75.11024779
39.9560595,-75.15866946
40.00452268,-75.09580009
40.00441928,-75.09720086
39.9323259,-75.1605838
39.96680042,-75.17100706
39.99538849,-75.11389821
39.94746513,-75.22991465
40.00315183,-75.09381343
39.92288234,-75.14485691
39.95080686,-75.17539538
39.92853384,-75.1432177
39.98690607,-75.12566548
39.99068328,-75.12243655
40.05751381,-75.04162053
39.98590672,-75.12319642
39.99123831,-75.12222814
39.9905542,-75.12268415
39.97234525,-75.12501762
39.99270728,-75.11885246
39.99008683,-75.12097542
39.94912816,-75.15895541
40.00281006,-75.09946397
40.0032604,-75.1050781
39.99618854,-75.11370274
39.94597099,-75.23968481
39.95556705,-75.15680103
39.99627971,-75.11356948
40.03627477,-75.04216374
39.9668642,-75.17109571
39.99731045,-75.1027572
39.94864849,-75.1679533
39.96976761,-75.14656587
40.04670419,-75.05113762
39.97361295,-75.14930647
39.98873569,-75.12651061
39.98092361,-75.13799107
39.96914158,-75.13400552
40.00294174,-75.09851078
40.01277507,-75.06881494
39.99134756,-75.08516571
39.9602109,-75.13717106
39.93050022,-75.14121493
39.93029767,-75.14736694
40.09353801,-75.01512712
39.98897774,-75.14314249
39.95564834,-75.17752032
39.95092201,-75.2492133
39.95464533,-75.14951084
39.9996804,-75.09119347
39.95541735,-75.17911707
39.99578822,-75.11375716
39.93808103,-75.16890717
39.98904727,-75.12670489
39.99121378,-75.12210052
39.99548477,-75.13757468
40.00016956,-75.10287311
39.93026207,-75.16820877
39.99268002,-75.0965792
39.99585185,-75.11381395
39.99600029,-75.11406184
39.96475588,-75.14199462
39.96478231,-75.14148286
39.96476194,-75.14163717
39.94710683,-75.16101472
39.95402249,-75.17143877
39.94632146,-75.16021463
39.97209494,-75.13451292
40.07437738,-75.02774788
39.95205736,-75.17365865
39.99317963,-75.18173836
40.08787413,-74.96721865
40.08474592,-74.96546341
40.08262384,-74.96610373
39.95565302,-75.15041985
39.94851652,-75.17640096
39.99878708,-75.09215787
39.96301962,-75.17470195
40.08208396,-74.96596742
40.02458918,-75.13374362
39.96736259,-75.1770744
39.96316711,-75.14194849
39.94813238,-75.16213179
39.98787632,-75.12591739
40.04406447,-75.23678056
40.07987393,-75.03270606
40.00051629,-75.09078708
39.97239713,-75.12504573
39.92348171,-75.15679632
40.07120386,-75.03516276
39.99738132,-75.127472
40.06602455,-75.05051003
39.98727036,-75.09235997
39.98487185,-75.09358432
39.94905221,-75.14864795
39.9838526,-75.10196512
39.95280833,-75.19215844
39.99644693,-75.11287001
39.94695221,-75.16396152
39.9475285,-75.1592324
39.95066071,-75.17421516
39.94924327,-75.1636034
39.95137007,-75.1746411
39.93025135,-75.14654881
39.93078559,-75.14632112
39.9494652,-75.14308329
39.94974476,-75.15938997
40.00984905,-75.19650598
39.96913364,-75.13679852
39.96356392,-75.13800512
39.96682769,-75.13256625
39.96691584,-75.13241814
40.02442572,-75.13330057
39.97714636,-75.11353412
39.9825926,-75.10117847
39.98361393,-75.11605704
40.0351028,-75.17400324
39.97257272,-75.12410464
39.97778166,-75.11257671
40.03225796,-75.23335421
39.93508467,-75.18509897
39.98656692,-75.13035913
39.9619086,-75.1392108
39.95038625,-75.14636041
39.95549049,-75.17841155
39.96311913,-75.20239512
39.98253141,-75.10131464
39.90419198,-75.24060842
40.03283517,-75.1686579
40.02214912,-75.0669337
39.96619432,-75.13707696
39.99084869,-75.12238472
39.96773378,-75.13280748
39.98718096,-75.12677659
39.99236652,-75.12870028
39.925037,-75.16964106
39.92464726,-75.1627135
39.99497771,-75.11536148
39.98282713,-75.1016681
39.92482515,-75.16298017
39.99275512,-75.12587045
39.98344134,-75.11911351
39.97247412,-75.17205305
39.96606834,-75.13444541
39.99610122,-75.11329733
39.99179673,-75.12595937
39.93389978,-75.18138084
39.97868529,-75.09767083
39.98469403,-75.09586602
39.97402129,-75.2210928
39.97082485,-75.14669406
40.00538395,-75.14731569
39.98047108,-75.09540148
39.98624984,-75.14112985
39.92474852,-75.16236512
39.98971142,-75.13225601
40.02270033,-75.06723654
39.99286784,-75.08583908
40.02246176,-75.14312804
39.99781106,-75.114938
39.99970372,-75.10359078
39.96696336,-75.13196129
39.98388631,-75.09820927
39.97366295,-75.12325488
39.94954856,-75.20932086
39.94917247,-75.15935061
40.02214255,-75.14133429
39.93782291,-75.14992299
39.96724899,-75.13686858
39.97209839,-75.12408339
39.96445717,-75.19472879
40.04654724,-75.14038416
39.99227686,-75.10923044
39.96459069,-75.15127167
39.96350536,-75.21042339
39.99239075,-75.1111582
40.12264485,-75.01602229
40.02405174,-75.21775561
39.94892008,-75.21001504
39.99164451,-75.12243831
39.95048414,-75.16955489
39.987809,-75.13412668
39.99908919,-75.08528713
40.02751467,-75.0613103
39.94835401,-75.20905863
39.96609719,-75.13594101
39.96249475,-75.17324535
39.98820617,-75.1263106
39.95630646,-75.16542508
39.97163931,-75.24457395
39.93561303,-75.18239571
39.9362489,-75.18261674
39.96391462,-75.13778454
39.96633205,-75.13683922
39.94687269,-75.15861848
39.92109459,-75.22463223
39.94191735,-75.14920042
39.94879355,-75.15967807
39.9484158,-75.15987328
40.02132511,-75.14060624
40.05677463,-75.04755133
39.93599145,-75.18231202
39.98673773,-75.1183797
39.98638333,-75.11833725
39.9704302,-75.12382293
39.91897648,-75.18730525
39.95848977,-75.21383697
39.9861444,-75.14125154
39.9403021,-75.16242708
39.94066836,-75.162815
39.99089332,-75.14745313
39.98370731,-75.09442502
39.99194955,-75.12214074
39.98824973,-75.10980294
39.94979724,-75.14327443
39.94789434,-75.15916052
39.91526289,-75.14281846
39.94497814,-75.16339701
39.91366969,-75.14767824
39.92558929,-75.14650173
39.98869357,-75.12171344
39.98292978,-75.10141983
40.00832953,-75.07567942
39.99265688,-75.11414222
39.96782904,-75.13286352
40.0303331,-75.14981087
40.02738421,-75.22661741
39.9901579,-75.11109607
39.93634947,-75.14380875
40.00493677,-75.09803858
39.97130175,-75.12265594
39.97705543,-75.11951188
39.92945013,-75.16095082
40.07804664,-75.03008225
39.99246487,-75.14182092
39.99245873,-75.14177254
39.99247227,-75.1418795
39.92082501,-75.18221287
39.98726584,-75.12994313
39.95088866,-75.15682849
39.97137836,-75.22515681
39.97026152,-75.12219524
39.97887777,-75.11854678
40.06343151,-75.1586034
39.99236198,-75.10999556
39.92156033,-75.2250629
39.97224651,-75.1344325
39.92466531,-75.16264282
39.99818104,-75.11330354
39.90442932,-75.23902986
39.95853248,-75.15927001
39.94989275,-75.14376388
39.94927433,-75.16046929
39.98677442,-75.13054171
39.93509445,-75.18480163
39.93519146,-75.1853128
40.01519832,-75.09383371